,train_svc,train_svc_pca,train_svc_lda,train_knn,train_knn_pca,train_knn_lda,train_knn_inhib,train_knn_pca_inhib,train_knn_lda_inhib,test_svc,test_svc_pca,test_svc_lda,test_knn,test_knn_pca,test_knn_lda,test_knn_inhib,test_knn_pca_inhib,test_knn_lda_inhib
0,0.991304347826087,0.991304347826087,0.960352422907489,0.9699570815450643,0.9372384937238494,0.9655172413793104,0.8608695652173913,1.0,1.0,0.9473684210526315,0.9473684210526315,0.9655172413793104,0.9333333333333333,0.9032258064516129,0.9491525423728814,0.8620689655172413,0.7931034482758621,0.9310344827586207
