,train_svc,train_svc_pca,train_svc_lda,train_knn,train_knn_pca,train_knn_lda,train_knn_inhib,train_knn_pca_inhib,train_knn_lda_inhib,test
0,0.9739130434782609,0.9739130434782609,0.956140350877193,0.9658119658119658,0.9401709401709402,0.9606986899563319,1.0,1.0,0.9565217391304348,0.8541666666666666
