,Baseline train,Baseline test,train_svc,train_svc_pca,train_svc_lda,train_knn,train_knn_pca,train_knn_lda,train_knn_inhib,train_knn_pca_inhib,train_knn_lda_inhib,test_svc,test_svc_pca,test_svc_lda,test_knn,test_knn_pca,test_knn_lda,test_knn_inhib,test_knn_pca_inhib,test_knn_lda_inhib
0,0.8941798941798942,0.8125,1.0,1.0,0.960352422907489,1.0,0.9487179487179487,0.9572649572649573,1.0,0.8434782608695653,0.9652173913043478,0.9333333333333333,0.9333333333333333,0.9180327868852458,0.9333333333333333,0.9333333333333333,0.888888888888889,0.896551724137931,0.8275862068965517,0.9310344827586207
